{
  "best_epoch": 45.0,
  "best_val_acc": 0.7916666666666666,
  "test_loss": 4.54099582087609,
  "test_acc": 0.7943548387096774
}