{
  "best_epoch": 19.0,
  "best_val_mae": 0.7165536284446716,
  "loss": 7.775763958562029,
  "mae": 0.7356348633766174,
  "corr": 0.7903901934623718,
  "acc7": 0.4569343030452728,
  "binary_acc": 0.8335877656936646,
  "f1": 0.8084358523725835,
  "fusion_loss": 1.0117988951014776,
  "text_loss": 1.0131032788405454,
  "vision_loss": 2.9066239440528148,
  "audio_loss": 2.844237830691094
}