{
  "args": {
    "data_root": "dataset/kinect_sound",
    "class_file": "ICCV2025-GDL-main/dataset/data/KineticSound/class.txt",
    "output_dir": "runs/ks_baseline",
    "modality": "av",
    "epochs": 80,
    "batch_size": 16,
    "lr": 0.005,
    "lr_scheduler": "multistep",
    "lr_decay_step": "[30,50,70]",
    "lr_decay_ratio": 0.1,
    "momentum": 0.9,
    "weight_decay": 0.0001,
    "audio_loss_weight": 1.0,
    "visual_loss_weight": 1.0,
    "use_video_frames": 3,
    "image_size": 224,
    "audio_duration": 5.0,
    "n_fft": 256,
    "hop_length": 128,
    "win_length": 256,
    "seed": 42,
    "num_workers": 4,
    "device": "cuda",
    "pin_memory": true,
    "deterministic": false,
    "no_progress": false,
    "fgm": true,
    "fgm_lambda": 0.5,
    "fgm_tau": 1.0,
    "fgm_momentum": 0.9,
    "fgm_warmup_steps": 15,
    "num_classes": 33
  },
  "split_sizes": {
    "train": 23171,
    "test": 1633,
    "val": 1633
  },
  "epochs": [
    {
      "epoch": 1,
      "lr": 0.005,
      "train": {
        "loss": 8.583703569752444,
        "fusion_loss": 2.6390746025658207,
        "audio_loss": 2.831714768953222,
        "visual_loss": 3.11291419828485,
        "audio_acc": 0.20879547710628812,
        "visual_acc": 0.14867722584264814,
        "fgm_coef_audio": 1.2960442733324258,
        "fgm_coef_visual": 1.2009892678220675,
        "fgm_signal_audio": 0.7496016739481891,
        "fgm_signal_visual": 0.4688531963169063,
        "acc": 0.2798325493073238,
        "macro_f1": 0.2482722254110461
      },
      "val": {
        "loss": 7.690774881394451,
        "fusion_loss": 2.190979216774767,
        "audio_loss": 2.5847196441739158,
        "visual_loss": 2.91507598409168,
        "audio_acc": 0.2718922229026332,
        "visual_acc": 0.20759338640538885,
        "acc": 0.37538273116962645,
        "macro_f1": 0.35175667235611663
      }
    }
  ]
}