{
  "best_epoch": 46.0,
  "best_val_acc": 0.7366809552969994,
  "test_loss": 6.568217297382904,
  "test_acc": 0.7366809552969994
}