{
  "best_epoch": 47.0,
  "best_val_acc": 0.7213930348258707,
  "test_loss": 7.047927670217865,
  "test_acc": 0.7139303482587065
}