{
  "best_epoch": 33.0,
  "best_val_mae": 0.5218862891197205,
  "loss": 0.501103578508863,
  "mae": 0.527397632598877,
  "corr": 0.7716458439826965,
  "acc7": 0.5393064618110657,
  "binary_acc": 0.8577347993850708,
  "f1": 0.8859357696567
}