{
  "best_epoch": 27.0,
  "best_val_mae": 0.5244900584220886,
  "loss": 3.374879693409864,
  "mae": 0.5393916964530945,
  "corr": 0.7609403133392334,
  "acc7": 0.530045211315155,
  "binary_acc": 0.8447513580322266,
  "f1": 0.8754984492689412,
  "fusion_loss": 0.5242005104960077,
  "text_loss": 0.5243073142399028,
  "vision_loss": 1.1679930515441304,
  "audio_loss": 1.1583788264113564
}